Title,Genre,1995,1996,1997,1998,1999,2000,2001,2002,2003,2004,2005
King Kong,Adventure,0,0,0,0,0,0,0,0,0,0,343000000
Titanic,Drama,0,0,1645034188,1645034188,1645034188,1645034188,1645034188,1645034188,1645034188,1645034188,1645034188
Terminator 3: Rise of the Machines,Action,0,0,0,0,0,0,0,0,235000000,235000000,235000000
Spider-Man 2,Action,0,0,0,0,0,0,0,0,0,583766341,583766341
"The Chronicles of Narnia: The Lion, the Witch and the Wardrobe",Adventure,0,0,0,0,0,0,0,0,0,0,568806957
Waterworld,Adventure,89218220,89218220,89218220,89218220,89218220,89218220,89218220,89218220,89218220,89218220,89218220
Troy,Adventure,0,0,0,0,0,0,0,0,0,322409852,322409852
Wild Wild West,Action,0,0,0,0,52104681,52104681,52104681,52104681,52104681,52104681,52104681
The Polar Express,Adventure,0,0,0,0,0,0,0,0,0,140875730,140875730
Speed 2: Cruise Control,Action,0,0,4508066,4508066,4508066,4508066,4508066,4508066,4508066,4508066,4508066
The 13th Warrior,Adventure,0,0,0,0,-98301101,-98301101,-98301101,-98301101,-98301101,-98301101,-98301101
Van Helsing,Horror,0,0,0,0,0,0,0,0,0,140257475,140257475
Alexander,War,0,0,0,0,0,0,0,0,0,12298192,12298192
Tarzan,Adventure,0,0,0,0,298000000,298000000,298000000,298000000,298000000,298000000,298000000
The Matrix Reloaded,Adventure,0,0,0,0,0,0,0,0,588599701,588599701,588599701
The Matrix Revolutions,Adventure,0,0,0,0,0,0,0,0,274988211,274988211,274988211
Master and Commander: The Far Side of the World,Adventure,0,0,0,0,0,0,0,0,62011111,62011111,62011111
Shrek 2,Adventure,0,0,0,0,0,0,0,0,0,769838758,769838758
Charlie and the Chocolate Factory,Adventure,0,0,0,0,0,0,0,0,0,0,324968763
Batman Begins,Action,0,0,0,0,0,0,0,0,0,0,224218673
Chicken Little,Animation,0,0,0,0,0,0,0,0,0,0,164432665
Harry Potter and the Goblet of Fire,Adventure,0,0,0,0,0,0,0,0,0,0,745921036
The Alamo,Western,0,0,0,0,0,0,0,0,0,-119180039,-119180039
Armageddon,Action,0,0,0,413799566,413799566,413799566,413799566,413799566,413799566,413799566,413799566
Lethal Weapon 4,Action,0,0,0,145444603,145444603,145444603,145444603,145444603,145444603,145444603,145444603
Pearl Harbor,History,0,0,0,0,0,0,309220945,309220945,309220945,309220945,309220945
Men in Black II,Action,0,0,0,0,0,0,0,301818803,301818803,301818803,301818803
Die Another Day,Adventure,0,0,0,0,0,0,0,291971116,291971116,291971116,291971116
Treasure Planet,Adventure,0,0,0,0,0,0,0,-30421885,-30421885,-30421885,-30421885
Pirates of the Caribbean: The Curse of the Black Pearl,Adventure,0,0,0,0,0,0,0,0,515011224,515011224,515011224
The Last Samurai,Drama,0,0,0,0,0,0,0,0,316758981,316758981,316758981
Lemony Snicket's A Series of Unfortunate Events,Adventure,0,0,0,0,0,0,0,0,0,69073645,69073645
Spider-Man,Fantasy,0,0,0,0,0,0,0,682708551,682708551,682708551,682708551
Final Fantasy: The Spirits Within,Adventure,0,0,0,0,0,0,-51868170,-51868170,-51868170,-51868170,-51868170
Hulk,Drama,0,0,0,0,0,0,0,0,108360480,108360480,108360480
The World Is Not Enough,Adventure,0,0,0,0,226832400,226832400,226832400,226832400,226832400,226832400,226832400
Stealth,Action,0,0,0,0,0,0,0,0,0,0,-58067057
Stuart Little,Animation,0,0,0,0,167135367,167135367,167135367,167135367,167135367,167135367,167135367
War of the Worlds,Adventure,0,0,0,0,0,0,0,0,0,0,459739379
Godzilla,Science Fiction,0,0,0,249014294,249014294,249014294,249014294,249014294,249014294,249014294,249014294
Bad Boys II,Adventure,0,0,0,0,0,0,0,0,143339556,143339556,143339556
Harry Potter and the Prisoner of Azkaban,Adventure,0,0,0,0,0,0,0,0,0,659804554,659804554
Sahara,Action,0,0,0,0,0,0,0,0,0,0,-10730514
Kingdom of Heaven,Drama,0,0,0,0,0,0,0,0,0,0,81643158
Dinosaur,Animation,0,0,0,0,0,226748063,226748063,226748063,226748063,226748063,226748063
The Island,Action,0,0,0,0,0,0,0,0,0,0,36949164
Batman & Robin,Action,0,0,113207122,113207122,113207122,113207122,113207122,113207122,113207122,113207122,113207122
Mission: Impossible II,Adventure,0,0,0,0,0,421388105,421388105,421388105,421388105,421388105,421388105
Harry Potter and the Philosopher's Stone,Adventure,0,0,0,0,0,0,851475550,851475550,851475550,851475550,851475550
The Day After Tomorrow,Action,0,0,0,0,0,0,0,0,0,419272402,419272402
How the Grinch Stole Christmas,Family,0,0,0,0,0,222141403,222141403,222141403,222141403,222141403,222141403
A Bug's Life,Adventure,0,0,0,243258859,243258859,243258859,243258859,243258859,243258859,243258859,243258859
The Perfect Storm,Drama,0,0,0,0,0,205756637,205756637,205756637,205756637,205756637,205756637
Atlantis: The Lost Empire,Animation,0,0,0,0,0,0,66053725,66053725,66053725,66053725,66053725
Star Wars: Episode II - Attack of the Clones,Adventure,0,0,0,0,0,0,0,529398328,529398328,529398328,529398328
Stuart Little 2,Family,0,0,0,0,0,0,0,49956806,49956806,49956806,49956806
Charlie's Angels: Full Throttle,Action,0,0,0,0,0,0,0,0,139175788,139175788,139175788
King Arthur,Adventure,0,0,0,0,0,0,0,0,0,83567857,83567857
"I, Robot",Action,0,0,0,0,0,0,0,0,0,227234916,227234916
Dante's Peak,Action,0,0,62127760,62127760,62127760,62127760,62127760,62127760,62127760,62127760,62127760
The Aviator,Drama,0,0,0,0,0,0,0,0,0,-14000000,-14000000
Star Wars: Episode I - The Phantom Menace,Adventure,0,0,0,0,809317558,809317558,809317558,809317558,809317558,809317558,809317558
Lara Croft: Tomb Raider,Adventure,0,0,0,0,0,0,159703340,159703340,159703340,159703340,159703340
"Monsters, Inc.",Animation,0,0,0,0,0,0,447816256,447816256,447816256,447816256,447816256
Windtalkers,Drama,0,0,0,0,0,0,0,-37371735,-37371735,-37371735,-37371735
Star Wars: Episode III - Revenge of the Sith,Science Fiction,0,0,0,0,0,0,0,0,0,0,737000000
Tomorrow Never Dies,Adventure,0,0,223011068,223011068,223011068,223011068,223011068,223011068,223011068,223011068,223011068
The Patriot,Drama,0,0,0,0,0,105294342,105294342,105294342,105294342,105294342,105294342
X2,Adventure,0,0,0,0,0,0,0,0,297711549,297711549,297711549
Home on the Range,Animation,0,0,0,0,0,0,0,0,0,-6048539,-6048539
Around the World in 80 Days,Action,0,0,0,0,0,0,0,0,0,-37821105,-37821105
Ocean's Twelve,Thriller,0,0,0,0,0,0,0,0,0,252744280,252744280
Mr. & Mrs. Smith,Action,0,0,0,0,0,0,0,0,0,0,368207520
Ali,Drama,0,0,0,0,0,0,-19286175,-19286175,-19286175,-19286175,-19286175
Starship Troopers,Adventure,0,0,16214377,16214377,16214377,16214377,16214377,16214377,16214377,16214377,16214377
The Chronicles of Riddick,Action,0,0,0,0,0,0,0,0,0,10772733,10772733
Gladiator,Action,0,0,0,0,0,354640427,354640427,354640427,354640427,354640427,354640427
Swordfish,Action,0,0,0,0,0,0,45080413,45080413,45080413,45080413,45080413
Minority Report,Action,0,0,0,0,0,0,0,256372926,256372926,256372926,256372926
Batman Forever,Action,236529144,236529144,236529144,236529144,236529144,236529144,236529144,236529144,236529144,236529144,236529144
The Hunchback of Notre Dame,Drama,0,138851,138851,138851,138851,138851,138851,138851,138851,138851,138851
Eraser,Action,0,142295562,142295562,142295562,142295562,142295562,142295562,142295562,142295562,142295562,142295562
Sleepy Hollow,Drama,0,0,0,0,106071502,106071502,106071502,106071502,106071502,106071502,106071502
End of Days,Action,0,0,0,0,111989043,111989043,111989043,111989043,111989043,111989043,111989043
Bicentennial Man,Comedy,0,0,0,0,-6300000,-6300000,-6300000,-6300000,-6300000,-6300000,-6300000
What Lies Beneath,Drama,0,0,0,0,0,55464351,55464351,55464351,55464351,55464351,55464351
The Emperor's New Groove,Adventure,0,0,0,0,0,69327687,69327687,69327687,69327687,69327687,69327687
A.I. Artificial Intelligence,Drama,0,0,0,0,0,0,135926552,135926552,135926552,135926552,135926552
Planet of the Apes,Thriller,0,0,0,0,0,0,262211740,262211740,262211740,262211740,262211740
K-19: The Widowmaker,Drama,0,0,0,0,0,0,0,-64831034,-64831034,-64831034,-64831034
The Adventures of Pluto Nash,Action,0,0,0,0,0,0,0,-92896027,-92896027,-92896027,-92896027
Harry Potter and the Chamber of Secrets,Adventure,0,0,0,0,0,0,0,776688482,776688482,776688482,776688482
Gangs of New York,Drama,0,0,0,0,0,0,0,93772504,93772504,93772504,93772504
Peter Pan,Adventure,0,0,0,0,0,0,0,0,21975011,21975011,21975011
Hidalgo,Western,0,0,0,0,0,0,0,0,0,8103450,8103450
Catwoman,Action,0,0,0,0,0,0,0,0,0,-17897621,-17897621
National Treasure,Adventure,0,0,0,0,0,0,0,0,0,247451894,247451894
Constantine,Drama,0,0,0,0,0,0,0,0,0,0,130884728
Fantastic Four,Action,0,0,0,0,0,0,0,0,0,0,230579719
Fun with Dick and Jane,Comedy,0,0,0,0,0,0,0,0,0,0,102026112
Cutthroat Island,Action,-87982678,-87982678,-87982678,-87982678,-87982678,-87982678,-87982678,-87982678,-87982678,-87982678,-87982678
The Mummy Returns,Adventure,0,0,0,0,0,0,335013274,335013274,335013274,335013274,335013274
The Mask of Zorro,Action,0,0,0,155288523,155288523,155288523,155288523,155288523,155288523,155288523,155288523
The Road to El Dorado,Adventure,0,0,0,0,0,-18567273,-18567273,-18567273,-18567273,-18567273,-18567273
Hollow Man,Action,0,0,0,0,0,95213455,95213455,95213455,95213455,95213455,95213455
Lara Croft Tomb Raider: The Cradle of Life,Action,0,0,0,0,0,0,0,0,61505388,61505388,61505388
Driven,Action,0,0,0,0,0,0,-39255262,-39255262,-39255262,-39255262,-39255262
Finding Nemo,Animation,0,0,0,0,0,0,0,0,846335536,846335536,846335536
The Lord of the Rings: The Return of the King,Adventure,0,0,0,0,0,0,0,0,1024888979,1024888979,1024888979
Jurassic Park III,Adventure,0,0,0,0,0,0,275780809,275780809,275780809,275780809,275780809
The Lord of the Rings: The Fellowship of the Ring,Adventure,0,0,0,0,0,0,778368364,778368364,778368364,778368364,778368364
Twister,Action,0,402471524,402471524,402471524,402471524,402471524,402471524,402471524,402471524,402471524,402471524
Charlie's Angels,Action,0,0,0,0,0,172105545,172105545,172105545,172105545,172105545,172105545
Spy Game,Action,0,0,0,0,0,0,51049560,51049560,51049560,51049560,51049560
Black Hawk Down,Action,0,0,0,0,0,0,80989651,80989651,80989651,80989651,80989651
The Incredibles,Action,0,0,0,0,0,0,0,0,0,539442092,539442092
Die Hard: With a Vengeance,Action,276101666,276101666,276101666,276101666,276101666,276101666,276101666,276101666,276101666,276101666,276101666
Judge Dredd,Science Fiction,23493481,23493481,23493481,23493481,23493481,23493481,23493481,23493481,23493481,23493481,23493481
The Devil's Own,Crime,0,0,50807547,50807547,50807547,50807547,50807547,50807547,50807547,50807547,50807547
The Fifth Element,Adventure,0,0,173920180,173920180,173920180,173920180,173920180,173920180,173920180,173920180,173920180
Men in Black,Action,0,0,499390539,499390539,499390539,499390539,499390539,499390539,499390539,499390539,499390539
Contact,Drama,0,0,81120329,81120329,81120329,81120329,81120329,81120329,81120329,81120329,81120329
Mulan,Animation,0,0,0,214320254,214320254,214320254,214320254,214320254,214320254,214320254,214320254
Meet Joe Black,Fantasy,0,0,0,52940100,52940100,52940100,52940100,52940100,52940100,52940100,52940100
Enemy of the State,Action,0,0,0,160649836,160649836,160649836,160649836,160649836,160649836,160649836,160649836
Babe: Pig in the City,Adventure,0,0,0,-20868140,-20868140,-20868140,-20868140,-20868140,-20868140,-20868140,-20868140
Payback,Drama,0,0,0,0,71626121,71626121,71626121,71626121,71626121,71626121,71626121
The Insider,Drama,0,0,0,0,-29710088,-29710088,-29710088,-29710088,-29710088,-29710088,-29710088
Toy Story 2,Animation,0,0,0,0,407366869,407366869,407366869,407366869,407366869,407366869,407366869
Supernova,Horror,0,0,0,0,0,-75171919,-75171919,-75171919,-75171919,-75171919,-75171919
Mission to Mars,Science Fiction,0,0,0,0,0,-29125385,-29125385,-29125385,-29125385,-29125385,-29125385
Gone in Sixty Seconds,Action,0,0,0,0,0,147202299,147202299,147202299,147202299,147202299,147202299
Cast Away,Adventure,0,0,0,0,0,339632142,339632142,339632142,339632142,339632142,339632142
Rush Hour 2,Action,0,0,0,0,0,0,257325802,257325802,257325802,257325802,257325802
The Haunted Mansion,Thriller,0,0,0,0,0,0,0,0,92290266,92290266,92290266
The Stepford Wives,Action,0,0,0,0,0,0,0,0,0,12000000,12000000
Cinderella Man,Romance,0,0,0,0,0,0,0,0,0,0,20539911
The Brothers Grimm,Adventure,0,0,0,0,0,0,0,0,0,0,17316267
Hannibal,Crime,0,0,0,0,0,0,264692268,264692268,264692268,264692268,264692268
Seabiscuit,Drama,0,0,0,0,0,0,0,0,61336445,61336445,61336445
Hercules,Animation,0,0,167712101,167712101,167712101,167712101,167712101,167712101,167712101,167712101,167712101
Air Force One,Action,0,0,230156409,230156409,230156409,230156409,230156409,230156409,230156409,230156409,230156409
What Dreams May Come,Drama,0,0,0,-13514957,-13514957,-13514957,-13514957,-13514957,-13514957,-13514957,-13514957
102 Dalmatians,Comedy,0,0,0,0,0,98611771,98611771,98611771,98611771,98611771,98611771
Ocean's Eleven,Thriller,0,0,0,0,0,0,365717150,365717150,365717150,365717150,365717150
Collateral Damage,Action,0,0,0,0,0,0,0,-6617567,-6617567,-6617567,-6617567
Showtime,Action,0,0,0,0,0,0,0,-7258268,-7258268,-7258268,-7258268
The Rundown,Adventure,0,0,0,0,0,0,0,0,-4083508,-4083508,-4083508
Bewitched,Comedy,0,0,0,0,0,0,0,0,0,0,46426169
Memoirs of a Geisha,Drama,0,0,0,0,0,0,0,0,0,0,77242962
Nutty Professor II: The Klumps,Fantasy,0,0,0,0,0,39307945,39307945,39307945,39307945,39307945,39307945
Scooby-Doo,Mystery,0,0,0,0,0,0,0,191650703,191650703,191650703,191650703
The Flintstones in Viva Rock Vegas,Science Fiction,0,0,0,0,0,-23531725,-23531725,-23531725,-23531725,-23531725,-23531725
Man on the Moon,Comedy,0,0,0,0,-34565570,-34565570,-34565570,-34565570,-34565570,-34565570,-34565570
The 6th Day,Science Fiction,0,0,0,0,0,14085477,14085477,14085477,14085477,14085477,14085477
The Longest Yard,Comedy,0,0,0,0,0,0,0,0,0,0,108320568
Mission: Impossible,Adventure,0,377696359,377696359,377696359,377696359,377696359,377696359,377696359,377696359,377696359,377696359
Space Jam,Animation,0,170200000,170200000,170200000,170200000,170200000,170200000,170200000,170200000,170200000,170200000
Daylight,Action,0,79212469,79212469,79212469,79212469,79212469,79212469,79212469,79212469,79212469,79212469
Ransom,Action,0,229492681,229492681,229492681,229492681,229492681,229492681,229492681,229492681,229492681,229492681
Face/Off,Action,0,0,165676146,165676146,165676146,165676146,165676146,165676146,165676146,165676146,165676146
Flubber,Comedy,0,0,97977226,97977226,97977226,97977226,97977226,97977226,97977226,97977226,97977226
The Postman,Drama,0,0,-62373766,-62373766,-62373766,-62373766,-62373766,-62373766,-62373766,-62373766,-62373766
Lost in Space,Adventure,0,0,0,56159423,56159423,56159423,56159423,56159423,56159423,56159423,56159423
Message in a Bottle,Romance,0,0,0,0,38880016,38880016,38880016,38880016,38880016,38880016,38880016
Analyze This,Comedy,0,0,0,0,96885658,96885658,96885658,96885658,96885658,96885658,96885658
Life,Comedy,0,0,0,0,-6654971,-6654971,-6654971,-6654971,-6654971,-6654971,-6654971
The Mummy,Adventure,0,0,0,0,335885488,335885488,335885488,335885488,335885488,335885488,335885488
The Haunting,Horror,0,0,0,0,11188905,11188905,11188905,11188905,11188905,11188905,11188905
Fantasia 2000,Animation,0,0,0,0,10874570,10874570,10874570,10874570,10874570,10874570,10874570
The Legend of Bagger Vance,Fantasy,0,0,0,0,0,-40540573,-40540573,-40540573,-40540573,-40540573,-40540573
Red Planet,Thriller,0,0,0,0,0,-46536031,-46536031,-46536031,-46536031,-46536031,-46536031
Thirteen Days,Drama,0,0,0,0,0,-45433254,-45433254,-45433254,-45433254,-45433254,-45433254
Evolution,Action,0,0,0,0,0,0,18376292,18376292,18376292,18376292,18376292
The Time Machine,Science Fiction,0,0,0,0,0,0,0,43729176,43729176,43729176,43729176
Spirit: Stallion of the Cimarron,Western,0,0,0,0,0,0,0,42563539,42563539,42563539,42563539
Lilo & Stitch,Animation,0,0,0,0,0,0,0,65771527,65771527,65771527,65771527
Road to Perdition,Thriller,0,0,0,0,0,0,0,101001478,101001478,101001478,101001478
Bruce Almighty,Fantasy,0,0,0,0,0,0,0,0,404572835,404572835,404572835
S.W.A.T.,Action,0,0,0,0,0,0,0,0,36643346,36643346,36643346
Looney Tunes: Back in Action,Animation,0,0,0,0,0,0,0,0,-11485156,-11485156,-11485156
Timeline,Action,0,0,0,0,0,0,0,0,-36064237,-36064237,-36064237
Something's Gotta Give,Drama,0,0,0,0,0,0,0,0,186728738,186728738,186728738
The Manchurian Candidate,Drama,0,0,0,0,0,0,0,0,0,16105964,16105964
Exorcist: The Beginning,Horror,0,0,0,0,0,0,0,0,0,-1999414,-1999414
A Sound of Thunder,Thriller,0,0,0,0,0,0,0,0,0,0,-74010360
Spanglish,Comedy,0,0,0,0,0,0,0,0,0,-24958633,-24958633
The Interpreter,Crime,0,0,0,0,0,0,0,0,0,0,82944923
Meet the Fockers,Comedy,0,0,0,0,0,0,0,0,0,436642939,436642939
The Great Raid,Action,0,0,0,0,0,0,0,0,0,0,-69833498
The Lord of the Rings: The Two Towers,Adventure,0,0,0,0,0,0,0,847287400,847287400,847287400,847287400
Cold Mountain,Drama,0,0,0,0,0,0,0,0,94013509,94013509,94013509
Red Dragon,Crime,0,0,0,0,0,0,0,131196298,131196298,131196298,131196298
Daredevil,Fantasy,0,0,0,0,0,0,0,0,101179718,101179718,101179718
The League of Extraordinary Gentlemen,Fantasy,0,0,0,0,0,0,0,0,101265204,101265204,101265204
The Adventures of Rocky & Bullwinkle,Action,0,0,0,0,0,-40865180,-40865180,-40865180,-40865180,-40865180,-40865180
2 Fast 2 Furious,Action,0,0,0,0,0,0,0,0,160350661,160350661,160350661
The Rock,Action,0,260062621,260062621,260062621,260062621,260062621,260062621,260062621,260062621,260062621,260062621
Independence Day,Action,0,741969268,741969268,741969268,741969268,741969268,741969268,741969268,741969268,741969268,741969268
Con Air,Action,0,0,149012234,149012234,149012234,149012234,149012234,149012234,149012234,149012234,149012234
Conspiracy Theory,Action,0,0,61982834,61982834,61982834,61982834,61982834,61982834,61982834,61982834,61982834
Sphere,Science Fiction,0,0,0,-61900000,-61900000,-61900000,-61900000,-61900000,-61900000,-61900000,-61900000
Deep Impact,Action,0,0,0,65464664,65464664,65464664,65464664,65464664,65464664,65464664,65464664
Practical Magic,Drama,0,0,0,-28316623,-28316623,-28316623,-28316623,-28316623,-28316623,-28316623,-28316623
Soldier,Action,0,0,0,-60432117,-60432117,-60432117,-60432117,-60432117,-60432117,-60432117,-60432117
Virus,Horror,0,0,0,0,-60989310,-60989310,-60989310,-60989310,-60989310,-60989310,-60989310
Forces of Nature,Romance,0,0,0,0,18888180,18888180,18888180,18888180,18888180,18888180,18888180
The Out-of-Towners,Comedy,0,0,0,0,-46000000,-46000000,-46000000,-46000000,-46000000,-46000000,-46000000
The Astronaut's Wife,Drama,0,0,0,0,-55401412,-55401412,-55401412,-55401412,-55401412,-55401412,-55401412
Three Kings,Action,0,0,0,0,33000000,33000000,33000000,33000000,33000000,33000000,33000000
Titan A.E.,Animation,0,0,0,0,0,-38245366,-38245366,-38245366,-38245366,-38245366,-38245366
X-Men,Adventure,0,0,0,0,0,221339527,221339527,221339527,221339527,221339527,221339527
Unbreakable,Science Fiction,0,0,0,0,0,173118121,173118121,173118121,173118121,173118121,173118121
Vertical Limit,Action,0,0,0,0,0,140663859,140663859,140663859,140663859,140663859,140663859
Monkeybone,Adventure,0,0,0,0,0,0,-69590483,-69590483,-69590483,-69590483,-69590483
Osmosis Jones,Adventure,0,0,0,0,0,0,-61403089,-61403089,-61403089,-61403089,-61403089
Bandits,Action,0,0,0,0,0,0,-7368097,-7368097,-7368097,-7368097,-7368097
Domestic Disturbance,Mystery,0,0,0,0,0,0,-20750706,-20750706,-20750706,-20750706,-20750706
We Were Soldiers,Action,0,0,0,0,0,0,0,39660784,39660784,39660784,39660784
Anger Management,Comedy,0,0,0,0,0,0,0,0,120745823,120745823,120745823
Hollywood Homicide,Action,0,0,0,0,0,0,0,0,-23857341,-23857341,-23857341
50 First Dates,Comedy,0,0,0,0,0,0,0,0,0,121482882,121482882
The Bourne Supremacy,Action,0,0,0,0,0,0,0,0,0,213500217,213500217
Shark Tale,Animation,0,0,0,0,0,0,0,0,0,292275019,292275019
Robots,Animation,0,0,0,0,0,0,0,0,0,0,185696994
Madagascar,Family,0,0,0,0,0,0,0,0,0,0,457680671
The Legend of Zorro,Action,0,0,0,0,0,0,0,0,0,0,67400065
Two Brothers,Adventure,0,0,0,0,0,0,0,0,0,-12327950,-12327950
The Lost World: Jurassic Park,Adventure,0,0,156074524,156074524,156074524,156074524,156074524,156074524,156074524,156074524,156074524
Snake Eyes,Crime,0,0,0,30891409,30891409,30891409,30891409,30891409,30891409,30891409,30891409
The Bone Collector,Drama,0,0,0,0,78493655,78493655,78493655,78493655,78493655,78493655,78493655
Braveheart,Action,138000000,138000000,138000000,138000000,138000000,138000000,138000000,138000000,138000000,138000000,138000000
The Last Castle,Action,0,0,0,0,0,0,-44357293,-44357293,-44357293,-44357293,-44357293
The Majestic,Drama,0,0,0,0,0,0,-34682442,-34682442,-34682442,-34682442,-34682442
Signs,Drama,0,0,0,0,0,0,0,336247917,336247917,336247917,336247917
Jarhead,Drama,0,0,0,0,0,0,0,0,0,0,24889998
Doctor Dolittle,Comedy,0,0,0,223456605,223456605,223456605,223456605,223456605,223456605,223456605,223456605
Mars Attacks!,Comedy,0,31371017,31371017,31371017,31371017,31371017,31371017,31371017,31371017,31371017,31371017
Seven Years in Tibet,Adventure,0,0,61457682,61457682,61457682,61457682,61457682,61457682,61457682,61457682,61457682
Alien: Resurrection,Science Fiction,0,0,92000000,92000000,92000000,92000000,92000000,92000000,92000000,92000000,92000000
Hard Rain,Thriller,0,0,0,-50129433,-50129433,-50129433,-50129433,-50129433,-50129433,-50129433,-50129433
Six Days Seven Nights,Action,0,0,0,94000000,94000000,94000000,94000000,94000000,94000000,94000000,94000000
Saving Private Ryan,Drama,0,0,0,411840909,411840909,411840909,411840909,411840909,411840909,411840909,411840909
The Siege,Drama,0,0,0,46672912,46672912,46672912,46672912,46672912,46672912,46672912,46672912
Star Trek: Insurrection,Science Fiction,0,0,0,48000000,48000000,48000000,48000000,48000000,48000000,48000000,48000000
The Prince of Egypt,Adventure,0,0,0,148613188,148613188,148613188,148613188,148613188,148613188,148613188,148613188
A Civil Action,Drama,0,0,0,-13297099,-13297099,-13297099,-13297099,-13297099,-13297099,-13297099,-13297099
Runaway Bride,Comedy,0,0,0,0,239457509,239457509,239457509,239457509,239457509,239457509,239457509
The Iron Giant,Adventure,0,0,0,0,-46840695,-46840695,-46840695,-46840695,-46840695,-46840695,-46840695
Chill Factor,Action,0,0,0,0,-58736034,-58736034,-58736034,-58736034,-58736034,-58736034,-58736034
Double Jeopardy,Crime,0,0,0,0,107841558,107841558,107841558,107841558,107841558,107841558,107841558
What Women Want,Comedy,0,0,0,0,0,304111707,304111707,304111707,304111707,304111707,304111707
Dr. Dolittle 2,Comedy,0,0,0,0,0,0,106104344,106104344,106104344,106104344,106104344
Hart's War,Drama,0,0,0,0,0,0,0,-37712956,-37712956,-37712956,-37712956
Bad Company,Action,0,0,0,0,0,0,0,-4022705,-4022705,-4022705,-4022705
xXx,Action,0,0,0,0,0,0,0,207448382,207448382,207448382,207448382
Ballistic: Ecks vs. Sever,Action,0,0,0,0,0,0,0,-50075967,-50075967,-50075967,-50075967
I Spy,Action,0,0,0,0,0,0,0,-36438863,-36438863,-36438863,-36438863
Tears of the Sun,Action,0,0,0,0,0,0,0,0,15632458,15632458,15632458
Big Fish,Adventure,0,0,0,0,0,0,0,0,52919055,52919055,52919055
Man on Fire,Action,0,0,0,0,0,0,0,0,0,60293714,60293714
AVP: Alien vs. Predator,Adventure,0,0,0,0,0,0,0,0,0,101183863,101183863
Sky Captain and the World of Tomorrow,Mystery,0,0,0,0,0,0,0,0,0,-12041304,-12041304
The Phantom of the Opera,Music,0,0,0,0,0,0,0,0,0,84648887,84648887
Hitch,Comedy,0,0,0,0,0,0,0,0,0,0,298100420
Munich,Drama,0,0,0,0,0,0,0,0,0,0,60358911
Rumor Has It...,Comedy,0,0,0,0,0,0,0,0,0,0,18933562
The Saint,Thriller,0,0,50063304,50063304,50063304,50063304,50063304,50063304,50063304,50063304,50063304
Mystery Men,Adventure,0,0,0,0,-38237989,-38237989,-38237989,-38237989,-38237989,-38237989,-38237989
Enemy at the Gates,War,0,0,0,0,0,0,28976270,28976270,28976270,28976270,28976270
The Score,Action,0,0,0,0,0,0,3069884,3069884,3069884,3069884,3069884
Vanilla Sky,Drama,0,0,0,0,0,0,135388341,135388341,135388341,135388341,135388341
The Sum of All Fears,Thriller,0,0,0,0,0,0,0,125000000,125000000,125000000,125000000
Dreamcatcher,Drama,0,0,0,0,0,0,0,0,7715436,7715436,7715436
Last Man Standing,Action,0,-19732999,-19732999,-19732999,-19732999,-19732999,-19732999,-19732999,-19732999,-19732999,-19732999
The X Files,Mystery,0,0,0,123198313,123198313,123198313,123198313,123198313,123198313,123198313,123198313
Entrapment,Romance,0,0,0,0,146404396,146404396,146404396,146404396,146404396,146404396,146404396
Hellboy,Fantasy,0,0,0,0,0,0,0,0,0,33318987,33318987
Jumanji,Adventure,197797249,197797249,197797249,197797249,197797249,197797249,197797249,197797249,197797249,197797249,197797249
The Long Kiss Goodnight,Crime,0,24456761,24456761,24456761,24456761,24456761,24456761,24456761,24456761,24456761,24456761
I Still Know What You Did Last Summer,Horror,0,0,0,-24997888,-24997888,-24997888,-24997888,-24997888,-24997888,-24997888,-24997888
You've Got Mail,Comedy,0,0,0,185821495,185821495,185821495,185821495,185821495,185821495,185821495,185821495
My Favorite Martian,Comedy,0,0,0,0,-28149899,-28149899,-28149899,-28149899,-28149899,-28149899,-28149899
Eyes Wide Shut,Mystery,0,0,0,0,97091208,97091208,97091208,97091208,97091208,97091208,97091208
Blue Streak,Action,0,0,0,0,52758500,52758500,52758500,52758500,52758500,52758500,52758500
The Kid,Fantasy,0,0,0,0,0,4700000,4700000,4700000,4700000,4700000,4700000
Space Cowboys,Action,0,0,0,0,0,63884132,63884132,63884132,63884132,63884132,63884132
A Knight's Tale,Adventure,0,0,0,0,0,0,52487473,52487473,52487473,52487473,52487473
The Santa Clause 2,Fantasy,0,0,0,0,0,0,0,107855065,107855065,107855065,107855065
Collateral,Drama,0,0,0,0,0,0,0,0,0,152764291,152764291
Blade: Trinity,Science Fiction,0,0,0,0,0,0,0,0,0,63905366,63905366
Zathura: A Space Adventure,Family,0,0,0,0,0,0,0,0,0,0,-678499
Random Hearts,Drama,0,0,0,0,10608570,10608570,10608570,10608570,10608570,10608570,10608570
Get Carter,Action,0,0,0,0,0,-44187007,-44187007,-44187007,-44187007,-44187007,-44187007
The Matrix,Action,0,0,0,0,400517383,400517383,400517383,400517383,400517383,400517383,400517383
Fight Club,Drama,0,0,0,0,37853753,37853753,37853753,37853753,37853753,37853753,37853753
Austin Powers in Goldmember,Comedy,0,0,0,0,0,0,0,233655431,233655431,233655431,233655431
The American President,Comedy,45879496,45879496,45879496,45879496,45879496,45879496,45879496,45879496,45879496,45879496,45879496
Lolita,Drama,0,0,-60939944,-60939944,-60939944,-60939944,-60939944,-60939944,-60939944,-60939944,-60939944
U-571,Action,0,0,0,0,0,65666415,65666415,65666415,65666415,65666415,65666415
3000 Miles to Graceland,Action,0,0,0,0,0,0,-43279825,-43279825,-43279825,-43279825,-43279825
Matchstick Men,Comedy,0,0,0,0,0,0,0,0,3565672,3565672,3565672
√Üon Flux,Action,0,0,0,0,0,0,0,0,0,0,-9695999
Heat,Action,127436818,127436818,127436818,127436818,127436818,127436818,127436818,127436818,127436818,127436818,127436818
Money Train,Action,-24568887,-24568887,-24568887,-24568887,-24568887,-24568887,-24568887,-24568887,-24568887,-24568887,-24568887
Under Siege 2: Dark Territory,Action,44324083,44324083,44324083,44324083,44324083,44324083,44324083,44324083,44324083,44324083,44324083
The Relic,Horror,0,0,-26043392,-26043392,-26043392,-26043392,-26043392,-26043392,-26043392,-26043392,-26043392
Jingle All the Way,Family,0,69832389,69832389,69832389,69832389,69832389,69832389,69832389,69832389,69832389,69832389
Event Horizon,Horror,0,0,-33326758,-33326758,-33326758,-33326758,-33326758,-33326758,-33326758,-33326758,-33326758
Fire Down Below,Action,0,0,-44000000,-44000000,-44000000,-44000000,-44000000,-44000000,-44000000,-44000000,-44000000
The Truman Show,Comedy,0,0,0,204118201,204118201,204118201,204118201,204118201,204118201,204118201,204118201
The Jackal,Action,0,0,99330280,99330280,99330280,99330280,99330280,99330280,99330280,99330280,99330280
The Horse Whisperer,Drama,0,0,0,126883563,126883563,126883563,126883563,126883563,126883563,126883563,126883563
U.S. Marshals,Thriller,0,0,0,42367405,42367405,42367405,42367405,42367405,42367405,42367405,42367405
A Perfect Murder,Crime,0,0,0,68038368,68038368,68038368,68038368,68038368,68038368,68038368,68038368
The Avengers,Thriller,0,0,0,-11414584,-11414584,-11414584,-11414584,-11414584,-11414584,-11414584,-11414584
Antz,Adventure,0,0,0,111757863,111757863,111757863,111757863,111757863,111757863,111757863,111757863
Psycho,Horror,0,0,0,-22858870,-22858870,-22858870,-22858870,-22858870,-22858870,-22858870,-22858870
The General's Daughter,Crime,0,0,0,0,89705852,89705852,89705852,89705852,89705852,89705852,89705852
Deep Blue Sea,Action,0,0,0,0,13648228,13648228,13648228,13648228,13648228,13648228,13648228
The Messenger: The Story of Joan of Arc,Adventure,0,0,0,0,6976317,6976317,6976317,6976317,6976317,6976317,6976317
The Green Mile,Fantasy,0,0,0,0,224600000,224600000,224600000,224600000,224600000,224600000,224600000
Rules of Engagement,Action,0,0,0,0,0,11000000,11000000,11000000,11000000,11000000,11000000
Almost Famous,Drama,0,0,0,0,0,-12616311,-12616311,-12616311,-12616311,-12616311,-12616311
15 Minutes,Action,0,0,0,0,0,0,-3640020,-3640020,-3640020,-3640020,-3640020
Along Came a Spider,Crime,0,0,0,0,0,0,45178561,45178561,45178561,45178561,45178561
Shrek,Adventure,0,0,0,0,0,0,424409218,424409218,424409218,424409218,424409218
Cats & Dogs,Comedy,0,0,0,0,0,0,33375151,33375151,33375151,33375151,33375151
A Beautiful Mind,Drama,0,0,0,0,0,0,253542341,253542341,253542341,253542341,253542341
Dragonfly,Drama,0,0,0,0,0,0,0,-7677600,-7677600,-7677600,-7677600
The Scorpion King,Action,0,0,0,0,0,0,0,105333180,105333180,105333180,105333180
The Bourne Identity,Action,0,0,0,0,0,0,0,154034224,154034224,154034224,154034224
Reign of Fire,Adventure,0,0,0,0,0,0,0,-16938018,-16938018,-16938018,-16938018
Analyze That,Comedy,0,0,0,0,0,0,0,-4996865,-4996865,-4996865,-4996865
Star Trek: Nemesis,Science Fiction,0,0,0,0,0,0,0,7312826,7312826,7312826,7312826
Two Weeks Notice,Comedy,0,0,0,0,0,0,0,33354918,33354918,33354918,33354918
The Core,Action,0,0,0,0,0,0,0,0,14208267,14208267,14208267
Daddy Day Care,Comedy,0,0,0,0,0,0,0,0,104433867,104433867,104433867
The Italian Job,Action,0,0,0,0,0,0,0,0,116070171,116070171,116070171
Sinbad: Legend of the Seven Seas,Family,0,0,0,0,0,0,0,0,-33711680,-33711680,-33711680
Intolerable Cruelty,Crime,0,0,0,0,0,0,0,0,59940815,59940815,59940815
Runaway Jury,Drama,0,0,0,0,0,0,0,0,20154140,20154140,20154140
Paycheck,Action,0,0,0,0,0,0,0,0,36269812,36269812,36269812
Starsky & Hutch,Comedy,0,0,0,0,0,0,0,0,0,110268750,110268750
The Terminal,Comedy,0,0,0,0,0,0,0,0,0,159417255,159417255
The Village,Drama,0,0,0,0,0,0,0,0,0,196697520,196697520
Ladder 49,Drama,0,0,0,0,0,0,0,0,0,14541707,14541707
Alfie,Comedy,0,0,0,0,0,0,0,0,0,-46604061,-46604061
After the Sunset,Action,0,0,0,0,0,0,0,0,0,1347797,1347797
xXx: State of the Union,Action,0,0,0,0,0,0,0,0,0,0,11073932
Doom,Adventure,0,0,0,0,0,0,0,0,0,0,-4012679
Cheaper by the Dozen 2,Comedy,0,0,0,0,0,0,0,0,0,0,69181830
Ice Age,Animation,0,0,0,0,0,0,0,324257136,324257136,324257136,324257136
GoldenEye,Adventure,294194034,294194034,294194034,294194034,294194034,294194034,294194034,294194034,294194034,294194034,294194034
Just Like Heaven,Comedy,0,0,0,0,0,0,0,0,0,0,44854431
DragonHeart,Fantasy,0,58267375,58267375,58267375,58267375,58267375,58267375,58267375,58267375,58267375,58267375
The Devil's Advocate,Drama,0,0,95944660,95944660,95944660,95944660,95944660,95944660,95944660,95944660,95944660
The Mexican,Action,0,0,0,0,0,0,90845033,90845033,90845033,90845033,90845033
Captain Corelli's Mandolin,Drama,0,0,0,0,0,0,5112895,5112895,5112895,5112895,5112895
Rock Star,Music,0,0,0,0,0,0,-40008098,-40008098,-40008098,-40008098,-40008098
Thunderbirds,Action,0,0,0,0,0,0,0,0,0,-28716363,-28716363
Elizabethtown,Comedy,0,0,0,0,0,0,0,0,0,0,-4965111
Gods and Generals,Drama,0,0,0,0,0,0,0,0,-43076064,-43076064,-43076064
Walking Tall,Adventure,0,0,0,0,0,0,0,0,0,1223890,1223890
The Pacifier,Action,0,0,0,0,0,0,0,0,0,0,57006880
Pocahontas,Adventure,291079773,291079773,291079773,291079773,291079773,291079773,291079773,291079773,291079773,291079773,291079773
First Knight,Action,72600435,72600435,72600435,72600435,72600435,72600435,72600435,72600435,72600435,72600435,72600435
Executive Decision,Action,0,66969216,66969216,66969216,66969216,66969216,66969216,66969216,66969216,66969216,66969216
The Fan,Drama,0,-36373581,-36373581,-36373581,-36373581,-36373581,-36373581,-36373581,-36373581,-36373581,-36373581
Evita,History,0,86047179,86047179,86047179,86047179,86047179,86047179,86047179,86047179,86047179,86047179
Turbulence,Action,0,0,-43533912,-43533912,-43533912,-43533912,-43533912,-43533912,-43533912,-43533912,-43533912
Metro,Action,0,0,-23012437,-23012437,-23012437,-23012437,-23012437,-23012437,-23012437,-23012437,-23012437
City of Angels,Drama,0,0,0,143685114,143685114,143685114,143685114,143685114,143685114,143685114,143685114
Ronin,Action,0,0,0,-13389116,-13389116,-13389116,-13389116,-13389116,-13389116,-13389116,-13389116
Any Given Sunday,Drama,0,0,0,0,45230832,45230832,45230832,45230832,45230832,45230832,45230832
Shanghai Noon,Adventure,0,0,0,0,0,1932305,1932305,1932305,1932305,1932305,1932305
Meet the Parents,Comedy,0,0,0,0,0,275444045,275444045,275444045,275444045,275444045,275444045
Maid in Manhattan,Comedy,0,0,0,0,0,0,0,99906693,99906693,99906693,99906693
The Hunted,Drama,0,0,0,0,0,0,0,0,-20765992,-20765992,-20765992
American Wedding,Comedy,0,0,0,0,0,0,0,0,176449203,176449203,176449203
Stuck on You,Comedy,0,0,0,0,0,0,0,0,-21171682,-21171682,-21171682
D-Tox,Action,0,0,0,0,0,0,0,-48583698,-48583698,-48583698,-48583698
Flightplan,Thriller,0,0,0,0,0,0,0,0,0,0,168387299
The Nutty Professor,Fantasy,0,74769345,74769345,74769345,74769345,74769345,74769345,74769345,74769345,74769345,74769345
101 Dalmatians,Comedy,0,266689294,266689294,266689294,266689294,266689294,266689294,266689294,266689294,266689294,266689294
Blade II,Fantasy,0,0,0,0,0,0,0,101010032,101010032,101010032,101010032
Gigli,Drama,0,0,0,0,0,0,0,0,-46733791,-46733791,-46733791
Crimson Tide,Action,104387195,104387195,104387195,104387195,104387195,104387195,104387195,104387195,104387195,104387195,104387195
Anastasia,Animation,0,0,86804348,86804348,86804348,86804348,86804348,86804348,86804348,86804348,86804348
Blow,Crime,0,0,0,0,0,0,30282296,30282296,30282296,30282296,30282296
Angel Eyes,Drama,0,0,0,0,0,0,-23300000,-23300000,-23300000,-23300000,-23300000
Be Cool,Comedy,0,0,0,0,0,0,0,0,0,0,42226116
Moulin Rouge!,Drama,0,0,0,0,0,0,126713434,126713434,126713434,126713434,126713434
Casino,Drama,64112375,64112375,64112375,64112375,64112375,64112375,64112375,64112375,64112375,64112375,64112375
Apollo 13,Drama,303237933,303237933,303237933,303237933,303237933,303237933,303237933,303237933,303237933,303237933,303237933
The Thin Red Line,Drama,0,0,0,46126565,46126565,46126565,46126565,46126565,46126565,46126565,46126565
Erin Brockovich,Drama,0,0,0,0,0,204271286,204271286,204271286,204271286,204271286,204271286
Catch Me If You Can,Drama,0,0,0,0,0,0,0,300114312,300114312,300114312,300114312
Hostage,Mystery,0,0,0,0,0,0,0,0,0,0,25944725
The Bachelor,Comedy,0,0,0,0,-14088383,-14088383,-14088383,-14088383,-14088383,-14088383,-14088383
"Me, Myself & Irene",Comedy,0,0,0,0,0,98270999,98270999,98270999,98270999,98270999,98270999
Assassins,Action,-19696928,-19696928,-19696928,-19696928,-19696928,-19696928,-19696928,-19696928,-19696928,-19696928,-19696928
Fair Game,Action,-38465523,-38465523,-38465523,-38465523,-38465523,-38465523,-38465523,-38465523,-38465523,-38465523,-38465523
Broken Arrow,Action,0,100270147,100270147,100270147,100270147,100270147,100270147,100270147,100270147,100270147,100270147
Jade,Action,-40148390,-40148390,-40148390,-40148390,-40148390,-40148390,-40148390,-40148390,-40148390,-40148390,-40148390
Casper,Fantasy,237928194,237928194,237928194,237928194,237928194,237928194,237928194,237928194,237928194,237928194,237928194
Congo,Action,102022101,102022101,102022101,102022101,102022101,102022101,102022101,102022101,102022101,102022101,102022101
The Scarlet Letter,Drama,-39617593,-39617593,-39617593,-39617593,-39617593,-39617593,-39617593,-39617593,-39617593,-39617593,-39617593
Outbreak,Action,139859560,139859560,139859560,139859560,139859560,139859560,139859560,139859560,139859560,139859560,139859560
Striptease,Drama,0,63309743,63309743,63309743,63309743,63309743,63309743,63309743,63309743,63309743,63309743
Chain Reaction,Action,0,10209334,10209334,10209334,10209334,10209334,10209334,10209334,10209334,10209334,10209334
Escape from L.A.,Action,0,-7722635,-7722635,-7722635,-7722635,-7722635,-7722635,-7722635,-7722635,-7722635,-7722635
The Chamber,Crime,0,-27459641,-27459641,-27459641,-27459641,-27459641,-27459641,-27459641,-27459641,-27459641,-27459641
The Ghost and the Darkness,Adventure,0,25000000,25000000,25000000,25000000,25000000,25000000,25000000,25000000,25000000,25000000
Jerry Maguire,Comedy,0,223552592,223552592,223552592,223552592,223552592,223552592,223552592,223552592,223552592,223552592
Absolute Power,Crime,0,0,68310,68310,68310,68310,68310,68310,68310,68310,68310
G.I. Jane,Action,0,0,-1830844,-1830844,-1830844,-1830844,-1830844,-1830844,-1830844,-1830844,-1830844
The Game,Drama,0,0,59423648,59423648,59423648,59423648,59423648,59423648,59423648,59423648,59423648
Mad City,Action,0,0,-39458477,-39458477,-39458477,-39458477,-39458477,-39458477,-39458477,-39458477,-39458477
As Good as It Gets,Comedy,0,0,264178011,264178011,264178011,264178011,264178011,264178011,264178011,264178011,264178011
The Negotiator,Action,0,0,0,-5452319,-5452319,-5452319,-5452319,-5452319,-5452319,-5452319,-5452319
Patch Adams,Comedy,0,0,0,152292902,152292902,152292902,152292902,152292902,152292902,152292902,152292902
The Mod Squad,Action,0,0,0,0,-36739950,-36739950,-36739950,-36739950,-36739950,-36739950,-36739950
The Story of Us,Comedy,0,0,0,0,8900031,8900031,8900031,8900031,8900031,8900031,8900031
The Hurricane,Drama,0,0,0,0,23956241,23956241,23956241,23956241,23956241,23956241,23956241
Exit Wounds,Action,0,0,0,0,0,0,29958599,29958599,29958599,29958599,29958599
Don't Say a Word,Thriller,0,0,0,0,0,0,50020092,50020092,50020092,50020092,50020092
Murder by Numbers,Crime,0,0,0,0,0,0,0,6714147,6714147,6714147,6714147
Unfaithful,Thriller,0,0,0,0,0,0,0,69137784,69137784,69137784,69137784
Mr. Deeds,Comedy,0,0,0,0,0,0,0,121269535,121269535,121269535,121269535
Blood Work,Crime,0,0,0,0,0,0,0,-23800483,-23800483,-23800483,-23800483
How to Lose a Guy in 10 Days,Comedy,0,0,0,0,0,0,0,0,127371441,127371441,127371441
Shanghai Knights,Action,0,0,0,0,0,0,0,0,38323487,38323487,38323487
The Life of David Gale,Drama,0,0,0,0,0,0,0,0,-11044402,-11044402,-11044402
Basic,Action,0,0,0,0,0,0,0,0,-7207439,-7207439,-7207439
Out of Time,Thriller,0,0,0,0,0,0,0,0,5495563,5495563,5495563
The Big Bounce,Comedy,0,0,0,0,0,0,0,0,0,-43191450,-43191450
Twisted,Action,0,0,0,0,0,0,0,0,0,-24805000,-24805000
Raising Helen,Drama,0,0,0,0,0,0,0,0,0,-281389,-281389
Garfield,Animation,0,0,0,0,0,0,0,0,0,150804534,150804534
Shall We Dance?,Drama,0,0,0,0,0,0,0,0,0,120128460,120128460
Bridget Jones: The Edge of Reason,Comedy,0,0,0,0,0,0,0,0,0,-9796980,-9796980
The Ring Two,Drama,0,0,0,0,0,0,0,0,0,0,111451538
The Life Aquatic with Steve Zissou,Adventure,0,0,0,0,0,0,0,0,0,-15191597,-15191597
The Hitchhiker's Guide to the Galaxy,Adventure,0,0,0,0,0,0,0,0,0,0,54478416
The Adventures of Sharkboy and Lavagirl,Adventure,0,0,0,0,0,0,0,0,0,0,19425966
Herbie Fully Loaded,Comedy,0,0,0,0,0,0,0,0,0,0,16002004
The Dukes of Hazzard,Action,0,0,0,0,0,0,0,0,0,0,60803676
Domino,Action,0,0,0,0,0,0,0,0,0,0,-27055498
Oliver Twist,Crime,0,0,0,0,0,0,0,0,0,0,-7906294
Into the Blue,Action,0,0,0,0,0,0,0,0,0,0,-5565561
Stay,Mystery,0,0,0,0,0,0,0,0,0,0,-41657868
Syriana,Drama,0,0,0,0,0,0,0,0,0,0,44000000
The One,Action,0,0,0,0,0,0,23700000,23700000,23700000,23700000,23700000
Out of Sight,Romance,0,0,0,29745568,29745568,29745568,29745568,29745568,29745568,29745568,29745568
The Thomas Crown Affair,Drama,0,0,0,0,76305181,76305181,76305181,76305181,76305181,76305181,76305181
Bedazzled,Fantasy,0,0,0,0,0,42383208,42383208,42383208,42383208,42383208,42383208
Traffic,Thriller,0,0,0,0,0,159515725,159515725,159515725,159515725,159515725,159515725
Rat Race,Adventure,0,0,0,0,0,0,37498534,37498534,37498534,37498534,37498534
Riding in Cars with Boys,Comedy,0,0,0,0,0,0,-12256692,-12256692,-12256692,-12256692,-12256692
K-PAX,Drama,0,0,0,0,0,0,2315140,2315140,2315140,2315140,2315140
Panic Room,Crime,0,0,0,0,0,0,0,148397415,148397415,148397415,148397415
The Ring,Horror,0,0,0,0,0,0,0,201348933,201348933,201348933,201348933
Scary Movie 3,Comedy,0,0,0,0,0,0,0,0,172673217,172673217,172673217
Mary Reilly,Drama,0,-34620598,-34620598,-34620598,-34620598,-34620598,-34620598,-34620598,-34620598,-34620598,-34620598
The Cable Guy,Comedy,0,55825796,55825796,55825796,55825796,55825796,55825796,55825796,55825796,55825796,55825796
Solaris,Drama,0,0,0,0,0,0,0,-16997242,-16997242,-16997242,-16997242
Courage Under Fire,Drama,0,54860818,54860818,54860818,54860818,54860818,54860818,54860818,54860818,54860818,54860818
Star Trek: First Contact,Science Fiction,0,104000000,104000000,104000000,104000000,104000000,104000000,104000000,104000000,104000000,104000000
Shaft,Action,0,0,0,0,0,61196498,61196498,61196498,61196498,61196498,61196498
Insomnia,Crime,0,0,0,0,0,0,0,67714830,67714830,67714830,67714830
Showgirls,Drama,-24649246,-24649246,-24649246,-24649246,-24649246,-24649246,-24649246,-24649246,-24649246,-24649246,-24649246
The Phantom,Adventure,0,-27699111,-27699111,-27699111,-27699111,-27699111,-27699111,-27699111,-27699111,-27699111,-27699111
Jack,Comedy,0,13620973,13620973,13620973,13620973,13620973,13620973,13620973,13620973,13620973,13620973
Tin Cup,Comedy,0,8854588,8854588,8854588,8854588,8854588,8854588,8854588,8854588,8854588,8854588
Shadow Conspiracy,Action,0,0,-42845460,-42845460,-42845460,-42845460,-42845460,-42845460,-42845460,-42845460,-42845460
Liar Liar,Comedy,0,0,257710615,257710615,257710615,257710615,257710615,257710615,257710615,257710615,257710615
Anaconda,Adventure,0,0,91885767,91885767,91885767,91885767,91885767,91885767,91885767,91885767,91885767
Deep Rising,Adventure,0,0,0,-33796974,-33796974,-33796974,-33796974,-33796974,-33796974,-33796974,-33796974
Blade,Horror,0,0,0,86183530,86183530,86183530,86183530,86183530,86183530,86183530,86183530
Universal Soldier: The Return,Action,0,0,0,0,-34332107,-34332107,-34332107,-34332107,-34332107,-34332107,-34332107
Galaxy Quest,Comedy,0,0,0,0,45683916,45683916,45683916,45683916,45683916,45683916,45683916
Chicken Run,Animation,0,0,0,0,0,179834564,179834564,179834564,179834564,179834564,179834564
Coyote Ugly,Comedy,0,0,0,0,0,68916474,68916474,68916474,68916474,68916474,68916474
Miss Congeniality,Comedy,0,0,0,0,0,167000000,167000000,167000000,167000000,167000000,167000000
Scary Movie 2,Comedy,0,0,0,0,0,0,96220678,96220678,96220678,96220678,96220678
Training Day,Action,0,0,0,0,0,0,59876233,59876233,59876233,59876233,59876233
Changing Lanes,Action,0,0,0,0,0,0,0,49935764,49935764,49935764,49935764
Chicago,Action,0,0,0,0,0,0,0,261776732,261776732,261776732,261776732
"Legally Blonde 2: Red, White & Blonde",Comedy,0,0,0,0,0,0,0,0,79914842,79914842,79914842
Taking Lives,Action,0,0,0,0,0,0,0,0,0,20470529,20470529
Resident Evil: Apocalypse,Horror,0,0,0,0,0,0,0,0,0,84394835,84394835
Surviving Christmas,Comedy,0,0,0,0,0,0,0,0,0,-30206376,-30206376
Flight of the Phoenix,Action,0,0,0,0,0,0,0,0,0,-23990820,-23990820
Unleashed,Action,0,0,0,0,0,0,0,0,0,0,5871113
Kicking & Screaming,Romance,0,0,0,0,0,0,0,0,0,0,11070433
Rebound,Comedy,0,0,0,0,0,0,0,0,0,0,-28190986
Four Brothers,Action,0,0,0,0,0,0,0,0,0,0,47374674
"Yours, Mine & Ours",Comedy,0,0,0,0,0,0,0,0,0,0,27028752
The Producers,Comedy,0,0,0,0,0,0,0,0,0,0,-6941665
Nixon,History,-30318235,-30318235,-30318235,-30318235,-30318235,-30318235,-30318235,-30318235,-30318235,-30318235,-30318235
Sleepers,Crime,0,121615285,121615285,121615285,121615285,121615285,121615285,121615285,121615285,121615285,121615285
Battlefield Earth,Action,0,0,0,0,0,-22600000,-22600000,-22600000,-22600000,-22600000,-22600000
Finding Forrester,Drama,0,0,0,0,0,37049764,37049764,37049764,37049764,37049764,37049764
The Sweetest Thing,Romance,0,0,0,0,0,0,0,25696770,25696770,25696770,25696770
Elektra,Action,0,0,0,0,0,0,0,0,0,0,13681566
Monster-in-Law,Romance,0,0,0,0,0,0,0,0,0,0,111749918
The Skeleton Key,Drama,0,0,0,0,0,0,0,0,0,0,48974818
Strange Days,Crime,-34040709,-34040709,-34040709,-34040709,-34040709,-34040709,-34040709,-34040709,-34040709,-34040709,-34040709
Notting Hill,Romance,0,0,0,0,321889678,321889678,321889678,321889678,321889678,321889678,321889678
Reindeer Games,Thriller,0,0,0,0,0,-9831030,-9831030,-9831030,-9831030,-9831030,-9831030
Original Sin,Thriller,0,0,0,0,0,0,-6597680,-6597680,-6597680,-6597680,-6597680
High Crimes,Drama,0,0,0,0,0,0,0,21781810,21781810,21781810,21781810
Along Came Polly,Comedy,0,0,0,0,0,0,0,0,0,129963386,129963386
The Forgotten,Crime,0,0,0,0,0,0,0,0,0,75575636,75575636
Lord of War,Crime,0,0,0,0,0,0,0,0,0,0,-17872105
The Whole Nine Yards,Comedy,0,0,0,0,0,65071651,65071651,65071651,65071651,65071651,65071651
8 Mile,Drama,0,0,0,0,0,0,0,174000000,174000000,174000000,174000000
A Time to Kill,Crime,0,112266007,112266007,112266007,112266007,112266007,112266007,112266007,112266007,112266007,112266007
The Island of Dr. Moreau,Fantasy,0,9627779,9627779,9627779,9627779,9627779,9627779,9627779,9627779,9627779,9627779
The Preacher's Wife,Fantasy,0,8093211,8093211,8093211,8093211,8093211,8093211,8093211,8093211,8093211,8093211
Spawn,Action,0,0,47840042,47840042,47840042,47840042,47840042,47840042,47840042,47840042,47840042
The Rainmaker,Drama,0,0,5916769,5916769,5916769,5916769,5916769,5916769,5916769,5916769,5916769
Quest for Camelot,Fantasy,0,0,0,-1827500,-1827500,-1827500,-1827500,-1827500,-1827500,-1827500,-1827500
Small Soldiers,Comedy,0,0,0,14682547,14682547,14682547,14682547,14682547,14682547,14682547,14682547
8MM,Thriller,0,0,0,0,56618699,56618699,56618699,56618699,56618699,56618699,56618699
The Sixth Sense,Mystery,0,0,0,0,632806292,632806292,632806292,632806292,632806292,632806292,632806292
The Talented Mr. Ripley,Thriller,0,0,0,0,88798265,88798265,88798265,88798265,88798265,88798265,88798265
Scream 3,Horror,0,0,0,0,0,121834276,121834276,121834276,121834276,121834276,121834276
The Beach,Drama,0,0,0,0,0,104056873,104056873,104056873,104056873,104056873,104056873
Hanging Up,Comedy,0,0,0,0,0,-3962091,-3962091,-3962091,-3962091,-3962091,-3962091
The Art of War,Crime,0,0,0,0,0,-9800895,-9800895,-9800895,-9800895,-9800895,-9800895
Pay It Forward,Drama,0,0,0,0,0,15707411,15707411,15707411,15707411,15707411,15707411
Sweet November,Drama,0,0,0,0,0,0,25754228,25754228,25754228,25754228,25754228
The Musketeer,Action,0,0,0,0,0,0,-12946185,-12946185,-12946185,-12946185,-12946185
Big Trouble,Action,0,0,0,0,0,0,0,-31506110,-31506110,-31506110,-31506110
Shallow Hal,Comedy,0,0,0,0,0,0,101069860,101069860,101069860,101069860,101069860
Behind Enemy Lines,Action,0,0,0,0,0,0,51753202,51753202,51753202,51753202,51753202
Life or Something Like It,Comedy,0,0,0,0,0,0,0,-23127329,-23127329,-23127329,-23127329
FearDotCom,Horror,0,0,0,0,0,0,0,-21097985,-21097985,-21097985,-21097985
City By The Sea,Crime,0,0,0,0,0,0,0,-17566085,-17566085,-17566085,-17566085
Extreme Ops,Action,0,0,0,0,0,0,0,-29040525,-29040525,-29040525,-29040525
Pinocchio,Comedy,0,0,0,0,0,0,0,1323171,1323171,1323171,1323171
Johnny English,Adventure,0,0,0,0,0,0,0,0,120583018,120583018,120583018
Duplex,Action,0,0,0,0,0,0,0,0,-20677865,-20677865,-20677865
Love Actually,Comedy,0,0,0,0,0,0,0,0,204931766,204931766,204931766
Gothika,Horror,0,0,0,0,0,0,0,0,101591324,101591324,101591324
Cheaper by the Dozen,Comedy,0,0,0,0,0,0,0,0,150212113,150212113,150212113
Torque,Action,0,0,0,0,0,0,0,0,0,6546197,6546197
Secret Window,Thriller,0,0,0,0,0,0,0,0,0,52913171,52913171
The Whole Ten Yards,Comedy,0,0,0,0,0,0,0,0,0,-13844219,-13844219
The Princess Diaries 2: Royal Engagement,Comedy,0,0,0,0,0,0,0,0,0,55149435,55149435
Ray,Drama,0,0,0,0,0,0,0,0,0,84731534,84731534
Sin City,Action,0,0,0,0,0,0,0,0,0,0,118733820
House of Wax,Horror,0,0,0,0,0,0,0,0,0,0,28766121
Wedding Crashers,Comedy,0,0,0,0,0,0,0,0,0,0,245176741
Corpse Bride,Romance,0,0,0,0,0,0,0,0,0,0,77195061
Get Rich or Die Tryin',Drama,0,0,0,0,0,0,0,0,0,0,6442528
Rent,Drama,0,0,0,0,0,0,0,0,0,0,-8329380
Against the Ropes,Romance,0,0,0,0,0,0,0,0,0,-32385720,-32385720
Serenity,Science Fiction,0,0,0,0,0,0,0,0,0,0,-130536
White Squall,Action,0,-27700000,-27700000,-27700000,-27700000,-27700000,-27700000,-27700000,-27700000,-27700000,-27700000
James and the Giant Peach,Adventure,0,-9078736,-9078736,-9078736,-9078736,-9078736,-9078736,-9078736,-9078736,-9078736,-9078736
Extreme Measures,Drama,0,-20619874,-20619874,-20619874,-20619874,-20619874,-20619874,-20619874,-20619874,-20619874,-20619874
My Best Friend's Wedding,Comedy,0,0,261288605,261288605,261288605,261288605,261288605,261288605,261288605,261288605,261288605
MouseHunt,Comedy,0,0,84417389,84417389,84417389,84417389,84417389,84417389,84417389,84417389,84417389
The Deep End of the Ocean,Drama,0,0,0,0,-9878900,-9878900,-9878900,-9878900,-9878900,-9878900,-9878900
Ride with the Devil,Drama,0,0,0,0,-37364904,-37364904,-37364904,-37364904,-37364904,-37364904,-37364904
The Ninth Gate,Horror,0,0,0,0,20401898,20401898,20401898,20401898,20401898,20401898,20401898
The Fast and the Furious,Action,0,0,0,0,0,0,169283925,169283925,169283925,169283925,169283925
Enough,Drama,0,0,0,0,0,0,0,13801187,13801187,13801187,13801187
Spy Kids 2: The Island of Lost Dreams,Action,0,0,0,0,0,0,0,81723358,81723358,81723358,81723358
Spy Kids 3-D: Game Over,Action,0,0,0,0,0,0,0,0,159011982,159011982,159011982
Switchback,Action,0,0,-30517805,-30517805,-30517805,-30517805,-30517805,-30517805,-30517805,-30517805,-30517805
Magnolia,Drama,0,0,0,0,11451803,11451803,11451803,11451803,11451803,11451803,11451803
The Princess Diaries,Comedy,0,0,0,0,0,0,128335153,128335153,128335153,128335153,128335153
13 Going on 30,Comedy,0,0,0,0,0,0,0,0,0,59455697,59455697
White Chicks,Comedy,0,0,0,0,0,0,0,0,0,76086475,76086475
Matilda,Comedy,0,-2540584,-2540584,-2540584,-2540584,-2540584,-2540584,-2540584,-2540584,-2540584,-2540584
The People vs. Larry Flynt,Drama,0,-15699615,-15699615,-15699615,-15699615,-15699615,-15699615,-15699615,-15699615,-15699615,-15699615
Breakdown,Drama,0,0,14159144,14159144,14159144,14159144,14159144,14159144,14159144,14159144,14159144
Gattaca,Thriller,0,0,-23467223,-23467223,-23467223,-23467223,-23467223,-23467223,-23467223,-23467223,-23467223
Amistad,Drama,0,0,38000000,38000000,38000000,38000000,38000000,38000000,38000000,38000000,38000000
Isn't She Great,Drama,0,0,0,0,0,-32996704,-32996704,-32996704,-32996704,-32996704,-32996704
John Q,Drama,0,0,0,0,0,0,0,66244770,66244770,66244770,66244770
A Man Apart,Action,0,0,0,0,0,0,0,0,8350926,8350926,8350926
Winged Migration,Documentary,0,0,0,0,0,0,-15649317,-15649317,-15649317,-15649317,-15649317
Sudden Death,Action,29350171,29350171,29350171,29350171,29350171,29350171,29350171,29350171,29350171,29350171,29350171
Species,Science Fiction,78374103,78374103,78374103,78374103,78374103,78374103,78374103,78374103,78374103,78374103,78374103
The Horseman on the Roof,War,-20000000,-20000000,-20000000,-20000000,-20000000,-20000000,-20000000,-20000000,-20000000,-20000000,-20000000
Donnie Brasco,Crime,0,0,6954997,6954997,6954997,6954997,6954997,6954997,6954997,6954997,6954997
Anna Karenina,Drama,0,0,-34208170,-34208170,-34208170,-34208170,-34208170,-34208170,-34208170,-34208170,-34208170
L.A. Confidential,Crime,0,0,91216940,91216940,91216940,91216940,91216940,91216940,91216940,91216940,91216940
For Richer or Poorer,Comedy,0,0,-3388775,-3388775,-3388775,-3388775,-3388775,-3388775,-3388775,-3388775,-3388775
Midnight in the Garden of Good and Evil,Crime,0,0,-9894745,-9894745,-9894745,-9894745,-9894745,-9894745,-9894745,-9894745,-9894745
Species II,Science Fiction,0,0,0,-15834440,-15834440,-15834440,-15834440,-15834440,-15834440,-15834440,-15834440
Blast from the Past,Comedy,0,0,0,0,5263020,5263020,5263020,5263020,5263020,5263020,5263020
Bounce,Drama,0,0,0,0,0,1779296,1779296,1779296,1779296,1779296,1779296
Dungeons & Dragons,Action,0,0,0,0,0,-19814759,-19814759,-19814759,-19814759,-19814759,-19814759
The Pledge,Crime,0,0,0,0,0,0,-5600000,-5600000,-5600000,-5600000,-5600000
The Wedding Planner,Comedy,0,0,0,0,0,0,59728529,59728529,59728529,59728529,59728529
Spy Kids,Action,0,0,0,0,0,0,112934180,112934180,112934180,112934180,112934180
American Outlaws,Action,0,0,0,0,0,0,-21321087,-21321087,-21321087,-21321087,-21321087
From Hell,Horror,0,0,0,0,0,0,39558115,39558115,39558115,39558115,39558115
The Count of Monte Cristo,Action,0,0,0,0,0,0,0,40395048,40395048,40395048,40395048
Queen of the Damned,Drama,0,0,0,0,0,0,0,10479110,10479110,10479110,10479110
The Four Feathers,War,0,0,0,0,0,0,0,-5117355,-5117355,-5117355,-5117355
Ghost Ship,Horror,0,0,0,0,0,0,0,33349884,33349884,33349884,33349884
Femme Fatale,Thriller,0,0,0,0,0,0,0,-18161090,-18161090,-18161090,-18161090
The Pianist,Drama,0,0,0,0,0,0,0,85072577,85072577,85072577,85072577
Down with Love,Action,0,0,0,0,0,0,0,0,-14701793,-14701793,-14701793
The Order,Drama,0,0,0,0,0,0,0,0,-23439194,-23439194,-23439194
School of Rock,Comedy,0,0,0,0,0,0,0,0,96282949,96282949,96282949
Jersey Girl,Comedy,0,0,0,0,0,0,0,0,0,1098382,1098382
Little Black Book,Comedy,0,0,0,0,0,0,0,0,0,-12965168,-12965168
Cursed,Horror,0,0,0,0,0,0,0,0,0,0,-15705099
Guess Who,Comedy,0,0,0,0,0,0,0,0,0,0,33915888
Sky High,Adventure,0,0,0,0,0,0,0,0,0,0,51369815
Valiant,Animation,0,0,0,0,0,0,0,0,0,0,-15521894
Two for the Money,Comedy,0,0,0,0,0,0,0,0,0,0,-4473491
North Country,Drama,0,0,0,0,0,0,0,0,0,0,-9775758
Big Daddy,Comedy,0,0,0,0,200601895,200601895,200601895,200601895,200601895,200601895,200601895
Summer Catch,Drama,0,0,0,0,0,0,-14306109,-14306109,-14306109,-14306109,-14306109
